Order_ID,Order_Date,Customer_ID,Gender,Age,Product_Category,Region,Quantity,Price,Revenue
10001,2024-04-12,2258,Female,28,Furniture,North,5,580,2900
10002,2024-12-14,2672,Female,48,Clothing,South,2,4413,8826
10003,2024-09-27,2901,Female,32,Furniture,West,3,3837,11511
10004,2024-04-16,2689,Male,26,Furniture,East,5,2363,11815
10005,2024-03-12,2009,Female,40,Furniture,East,3,4555,13665
10006,2024-07-07,2260,Female,36,Furniture,South,3,1298,3894
10007,2024-01-21,2918,Female,26,Clothing,North,5,565,2825
10008,2024-04-12,2649,Male,52,Electronics,North,5,2770,13850
10009,2024-05-01,2171,Male,38,Groceries,West,1,3619,3619
10010,2024-08-02,2897,Male,26,Furniture,East,3,2676,8028
10011,2024-11-26,2012,Male,45,Electronics,West,4,990,3960
10012,2024-03-28,2167,Female,63,Electronics,East,3,3769,11307
10013,2024-04-09,2641,Female,24,Clothing,South,3,946,2838
10014,2024-12-25,2595,Female,33,Electronics,East,5,512,2560
10015,2024-05-31,2320,Female,33,Clothing,West,3,4833,14499
10016,2024-05-10,2318,Male,50,Furniture,West,3,1120,3360
10017,2024-05-29,2612,Male,21,Furniture,West,4,1277,5108
10018,2024-11-04,2328,Male,21,Groceries,South,5,3029,15145
10019,2024-09-14,2784,Female,56,Groceries,East,3,2581,7743
10020,2024-12-09,2776,Male,57,Groceries,East,2,3818,7636
10021,2024-10-20,2970,Male,34,Electronics,West,1,997,997
10022,2024-07-10,2910,Female,54,Furniture,East,4,4643,18572
10023,2024-10-03,2919,Female,56,Clothing,North,3,472,1416
10024,2024-06-09,2549,Male,46,Groceries,North,2,3210,6420
10025,2024-11-09,2418,Male,53,Clothing,North,3,1973,5919
10026,2024-01-22,2605,Male,55,Clothing,East,3,2747,8241
10027,2024-09-09,2094,Male,56,Groceries,South,5,3364,16820
10028,2024-08-23,2816,Male,54,Furniture,South,5,4980,24900
10029,2024-12-10,2580,Male,52,Groceries,South,5,4917,24585
10030,2024-02-18,2317,Female,24,Clothing,South,2,1146,2292
10031,2024-02-28,2955,Female,44,Groceries,North,3,2865,8595
10032,2024-06-18,2235,Female,45,Clothing,North,1,706,706
10033,2024-07-06,2945,Male,39,Clothing,West,4,443,1772
10034,2024-09-27,2333,Female,31,Groceries,East,5,705,3525
10035,2024-07-08,2884,Male,24,Electronics,East,5,4717,23585
10036,2024-06-23,2375,Male,54,Groceries,South,3,3358,10074
10037,2024-02-20,2458,Female,39,Electronics,North,3,3790,11370
10038,2024-12-29,2136,Male,22,Clothing,South,2,2072,4144
10039,2024-02-24,2929,Male,19,Clothing,West,2,3993,7986
10040,2024-08-31,2587,Female,44,Electronics,East,5,1392,6960
10041,2024-11-15,2994,Female,38,Clothing,East,3,4625,13875
10042,2024-05-10,2546,Female,55,Electronics,South,1,4945,4945
10043,2024-11-02,2512,Male,32,Electronics,West,4,1664,6656
10044,2024-05-14,2295,Female,38,Clothing,East,3,590,1770
10045,2024-01-21,2319,Female,27,Furniture,West,3,4676,14028
10046,2024-11-24,2917,Male,40,Electronics,West,2,3577,7154
10047,2024-06-15,2571,Female,56,Groceries,South,4,872,3488
10048,2024-09-30,2831,Female,22,Groceries,North,5,2760,13800
10049,2024-03-29,2348,Female,18,Clothing,South,3,1411,4233
10050,2024-11-11,2839,Male,30,Furniture,North,5,1129,5645
10051,2024-01-14,2778,Male,38,Clothing,West,3,1739,5217
10052,2024-08-29,2872,Male,43,Furniture,North,5,1112,5560
10053,2024-09-21,2228,Male,62,Electronics,West,4,843,3372
10054,2024-12-11,2269,Female,38,Electronics,East,2,4722,9444
10055,2024-02-22,2827,Male,35,Electronics,East,4,701,2804
10056,2024-12-05,2797,Male,54,Electronics,East,1,929,929
10057,2024-04-01,2290,Female,62,Groceries,South,2,1483,2966
10058,2024-09-20,2724,Female,49,Groceries,South,4,2318,9272
10059,2024-02-04,2164,Female,53,Clothing,West,1,4752,4752
10060,2024-07-24,2004,Male,34,Furniture,East,3,4586,13758
10061,2024-03-21,2850,Male,52,Electronics,South,3,4036,12108
10062,2024-02-19,2378,Male,28,Electronics,East,5,1119,5595
10063,2024-12-25,2077,Female,38,Furniture,South,2,4250,8500
10064,2024-01-02,2409,Female,43,Furniture,North,3,2539,7617
10065,2024-02-23,2573,Male,21,Clothing,North,2,955,1910
10066,2024-04-15,2131,Female,51,Furniture,East,3,2069,6207
10067,2024-09-16,2600,Female,35,Electronics,West,5,4672,23360
10068,2024-11-05,2748,Female,57,Electronics,South,4,707,2828
10069,2024-07-09,2041,Male,52,Electronics,South,5,1636,8180
10070,2024-08-05,2088,Female,58,Electronics,North,1,2775,2775
10071,2024-02-13,2401,Female,46,Electronics,North,3,3626,10878
10072,2024-06-10,2295,Male,46,Clothing,West,1,758,758
10073,2024-07-20,2839,Male,55,Electronics,West,1,3302,3302
10074,2024-09-26,2294,Female,59,Clothing,West,2,4716,9432
10075,2024-12-16,2615,Female,38,Electronics,East,3,3822,11466
10076,2024-10-30,2525,Male,59,Groceries,North,1,4599,4599
10077,2024-09-27,2799,Male,30,Groceries,East,4,4257,17028
10078,2024-08-02,2690,Female,58,Groceries,North,1,3915,3915
10079,2024-09-08,2636,Female,34,Groceries,North,4,1501,6004
10080,2024-07-08,2421,Female,26,Clothing,South,2,2355,4710
10081,2024-10-22,2864,Female,58,Clothing,North,1,892,892
10082,2024-07-31,2022,Male,18,Furniture,North,5,4550,22750
10083,2024-07-26,2574,Female,19,Electronics,East,2,1678,3356
10084,2024-08-24,2142,Female,46,Groceries,North,4,456,1824
10085,2024-12-03,2992,Male,50,Clothing,East,2,2630,5260
10086,2024-02-22,2664,Female,27,Electronics,West,1,641,641
10087,2024-10-06,2144,Male,57,Electronics,North,3,2081,6243
10088,2024-08-04,2224,Female,38,Clothing,North,3,2846,8538
10089,2024-09-08,2502,Female,45,Groceries,East,4,4020,16080
10090,2024-07-06,2961,Male,28,Furniture,West,4,4877,19508
10091,2024-02-10,2973,Male,51,Electronics,South,3,1935,5805
10092,2024-06-05,2820,Female,25,Furniture,West,4,3935,15740
10093,2024-01-15,2615,Female,39,Groceries,East,2,2845,5690
10094,2024-10-27,2103,Female,25,Groceries,West,5,218,1090
10095,2024-03-05,2946,Male,32,Furniture,East,5,1324,6620
10096,2024-12-10,2038,Female,34,Groceries,East,2,4185,8370
10097,2024-11-22,2946,Male,40,Electronics,South,5,2854,14270
10098,2024-01-09,2197,Male,41,Furniture,North,1,2280,2280
10099,2024-12-09,2645,Female,62,Groceries,East,2,1747,3494
10100,2024-05-08,2578,Male,36,Furniture,East,4,1061,4244
10101,2024-05-15,2390,Female,22,Electronics,South,2,354,708
10102,2024-03-03,2178,Female,49,Groceries,East,3,3694,11082
10103,2024-05-18,2967,Female,61,Electronics,North,4,1104,4416
10104,2024-03-21,2553,Female,18,Groceries,South,3,1469,4407
10105,2024-06-11,2447,Female,40,Clothing,North,4,604,2416
10106,2024-10-15,2499,Male,54,Groceries,North,5,1043,5215
10107,2024-09-17,2014,Male,25,Furniture,South,2,1982,3964
10108,2024-08-18,2622,Female,30,Groceries,East,1,1764,1764
10109,2024-02-10,2668,Female,25,Electronics,North,4,1384,5536
10110,2024-01-28,2288,Male,40,Electronics,North,4,946,3784
10111,2024-05-14,2477,Male,60,Groceries,North,3,1925,5775
10112,2024-07-19,2230,Male,18,Furniture,North,5,3388,16940
10113,2024-11-23,2922,Male,62,Clothing,South,3,470,1410
10114,2024-09-24,2419,Female,41,Furniture,South,3,4156,12468
10115,2024-02-02,2156,Female,52,Clothing,West,5,371,1855
10116,2024-02-17,2549,Male,41,Electronics,West,1,473,473
10117,2024-03-02,2440,Female,34,Furniture,North,3,2506,7518
10118,2024-08-03,2096,Male,22,Clothing,East,3,1358,4074
10119,2024-10-19,2996,Female,37,Groceries,North,4,1906,7624
10120,2024-04-08,2410,Male,38,Electronics,East,5,1971,9855
10121,2024-06-20,2950,Female,57,Groceries,North,2,621,1242
10122,2024-12-25,2288,Male,48,Electronics,West,1,1409,1409
10123,2024-08-01,2253,Male,63,Furniture,West,1,4875,4875
10124,2024-02-04,2195,Female,53,Furniture,East,5,1090,5450
10125,2024-08-14,2597,Male,28,Electronics,North,4,3467,13868
10126,2024-04-10,2833,Female,32,Electronics,East,4,1673,6692
10127,2024-05-10,2521,Female,36,Electronics,West,5,3443,17215
10128,2024-09-13,2516,Male,24,Furniture,North,4,4678,18712
10129,2024-01-05,2634,Female,45,Clothing,North,1,2381,2381
10130,2024-08-05,2841,Female,60,Groceries,East,1,1649,1649
10131,2024-09-11,2864,Female,22,Groceries,South,2,3296,6592
10132,2024-12-24,2117,Female,22,Furniture,East,5,3456,17280
10133,2024-10-09,2805,Female,47,Groceries,West,3,3356,10068
10134,2024-07-25,2908,Male,49,Electronics,West,3,1790,5370
10135,2024-01-15,2158,Female,25,Clothing,West,2,4439,8878
10136,2024-12-11,2814,Female,27,Groceries,West,2,4181,8362
10137,2024-02-11,2227,Female,55,Clothing,West,4,1635,6540
10138,2024-06-27,2876,Female,64,Electronics,South,2,423,846
10139,2024-03-03,2215,Female,49,Groceries,North,2,419,838
10140,2024-12-17,2947,Male,45,Furniture,East,3,4474,13422
10141,2024-08-18,2695,Female,34,Clothing,East,4,1854,7416
10142,2024-08-28,2014,Male,48,Electronics,West,2,4728,9456
10143,2024-02-21,2156,Male,25,Clothing,East,2,464,928
10144,2024-04-05,2647,Male,57,Groceries,West,4,1153,4612
10145,2024-08-09,2260,Male,42,Groceries,South,5,4724,23620
10146,2024-08-18,2156,Female,26,Furniture,South,4,3933,15732
10147,2024-08-24,2046,Male,19,Electronics,North,3,2974,8922
10148,2024-05-22,2323,Male,32,Electronics,South,5,3324,16620
10149,2024-06-19,2843,Female,20,Furniture,South,1,679,679
10150,2024-01-29,2684,Female,53,Furniture,North,4,3714,14856
10151,2024-02-05,2129,Female,21,Electronics,East,3,1553,4659
10152,2024-01-13,2410,Male,31,Clothing,West,5,3522,17610
10153,2024-06-08,2094,Female,58,Clothing,West,4,4078,16312
10154,2024-11-22,2626,Female,58,Furniture,East,2,1089,2178
10155,2024-07-05,2754,Male,42,Clothing,North,4,4054,16216
10156,2024-08-30,2931,Female,27,Electronics,East,1,1124,1124
10157,2024-03-26,2291,Female,38,Groceries,South,4,2370,9480
10158,2024-10-10,2793,Female,53,Groceries,North,5,2102,10510
10159,2024-03-06,2810,Female,29,Clothing,North,5,2595,12975
10160,2024-06-18,2282,Male,44,Furniture,North,4,228,912
10161,2024-02-14,2068,Female,57,Furniture,West,5,234,1170
10162,2024-03-02,2659,Female,19,Furniture,East,2,3789,7578
10163,2024-05-13,2010,Male,30,Furniture,North,4,2870,11480
10164,2024-10-10,2253,Female,49,Furniture,North,2,3565,7130
10165,2024-01-28,2841,Male,48,Clothing,North,2,788,1576
10166,2024-04-17,2871,Female,33,Groceries,East,3,3418,10254
10167,2024-02-13,2549,Male,49,Groceries,West,4,3338,13352
10168,2024-12-05,2133,Male,49,Clothing,South,5,1103,5515
10169,2024-10-12,2711,Male,51,Furniture,West,2,4286,8572
10170,2024-11-26,2022,Male,28,Clothing,North,3,2369,7107
10171,2024-05-07,2814,Female,27,Groceries,West,4,539,2156
10172,2024-12-13,2345,Male,32,Electronics,West,4,4470,17880
10173,2024-08-18,2301,Female,34,Clothing,South,1,1914,1914
10174,2024-07-08,2362,Male,57,Furniture,East,1,4892,4892
10175,2024-08-12,2395,Male,35,Groceries,East,2,4746,9492
10176,2024-10-09,2217,Male,26,Groceries,West,1,756,756
10177,2024-04-30,2140,Female,42,Groceries,West,2,3287,6574
10178,2024-04-25,2615,Male,57,Groceries,East,5,3466,17330
10179,2024-08-20,2957,Female,31,Furniture,East,2,3767,7534
10180,2024-09-15,2209,Female,42,Electronics,South,1,2256,2256
10181,2024-12-24,2984,Female,39,Groceries,North,5,4099,20495
10182,2024-07-16,2992,Female,47,Clothing,West,1,1216,1216
10183,2024-05-16,2622,Female,37,Electronics,East,2,2262,4524
10184,2024-11-13,2615,Female,38,Groceries,West,3,1038,3114
10185,2024-06-13,2827,Female,61,Electronics,West,4,1837,7348
10186,2024-08-12,2682,Female,49,Clothing,East,1,4521,4521
10187,2024-11-02,2459,Female,63,Groceries,South,2,3696,7392
10188,2024-08-21,2355,Male,38,Clothing,West,5,2013,10065
10189,2024-06-20,2323,Male,52,Furniture,South,1,3679,3679
10190,2024-05-31,2132,Male,49,Groceries,East,1,1651,1651
10191,2024-11-10,2887,Male,47,Groceries,North,4,2513,10052
10192,2024-06-08,2804,Male,56,Groceries,North,2,1714,3428
10193,2024-04-05,2839,Female,29,Groceries,West,3,1431,4293
10194,2024-08-20,2126,Female,58,Furniture,East,5,1845,9225
10195,2024-06-28,2105,Female,64,Groceries,South,2,3199,6398
10196,2024-04-22,2603,Female,35,Electronics,West,5,3640,18200
10197,2024-11-13,2798,Female,38,Groceries,East,1,4256,4256
10198,2024-02-21,2377,Female,30,Furniture,East,4,505,2020
10199,2024-09-24,2904,Female,38,Groceries,South,4,3736,14944
10200,2024-10-21,2050,Male,25,Electronics,West,3,1923,5769
10201,2024-04-22,2028,Male,63,Furniture,East,4,1889,7556
10202,2024-04-10,2461,Male,57,Furniture,East,1,1717,1717
10203,2024-04-22,2295,Male,63,Electronics,East,3,4117,12351
10204,2024-03-21,2296,Female,24,Electronics,South,2,619,1238
10205,2024-07-05,2725,Female,40,Electronics,West,4,3136,12544
10206,2024-04-22,2778,Female,61,Electronics,West,3,4062,12186
10207,2024-01-02,2406,Male,49,Electronics,West,1,4429,4429
10208,2024-05-09,2768,Female,28,Furniture,West,5,1650,8250
10209,2024-08-07,2813,Female,39,Furniture,North,5,3296,16480
10210,2024-02-23,2612,Female,39,Groceries,North,1,3461,3461
10211,2024-12-08,2404,Male,60,Groceries,West,1,1364,1364
10212,2024-08-11,2345,Female,42,Clothing,South,5,2069,10345
10213,2024-08-12,2621,Male,39,Groceries,North,3,2019,6057
10214,2024-05-05,2419,Male,45,Groceries,East,5,2905,14525
10215,2024-05-09,2181,Male,46,Electronics,North,1,3715,3715
10216,2024-02-22,2982,Male,30,Electronics,East,4,1542,6168
10217,2024-06-20,2824,Female,35,Groceries,West,2,2426,4852
10218,2024-08-05,2000,Male,19,Clothing,North,4,1279,5116
10219,2024-06-08,2830,Male,46,Electronics,South,4,4406,17624
10220,2024-07-16,2949,Female,38,Groceries,North,1,4763,4763
10221,2024-09-03,2566,Female,32,Groceries,North,5,2979,14895
10222,2024-11-19,2370,Male,44,Furniture,North,3,2728,8184
10223,2024-07-21,2935,Female,48,Clothing,West,4,1013,4052
10224,2024-07-02,2910,Male,32,Furniture,South,5,2231,11155
10225,2024-05-02,2660,Male,40,Clothing,North,3,522,1566
10226,2024-09-11,2430,Male,41,Electronics,South,4,3169,12676
10227,2024-10-20,2968,Male,61,Clothing,West,3,1103,3309
10228,2024-10-06,2308,Female,30,Groceries,East,5,1741,8705
10229,2024-11-20,2136,Male,39,Groceries,North,2,3703,7406
10230,2024-04-07,2201,Female,60,Clothing,South,5,2853,14265
10231,2024-07-16,2435,Female,54,Clothing,South,1,2676,2676
10232,2024-08-27,2312,Female,50,Clothing,West,3,3540,10620
10233,2024-05-23,2116,Female,20,Furniture,North,2,4443,8886
10234,2024-04-06,2665,Male,36,Clothing,East,3,1341,4023
10235,2024-07-19,2936,Female,40,Electronics,South,3,1049,3147
10236,2024-05-03,2802,Male,46,Furniture,North,4,566,2264
10237,2024-07-05,2574,Female,47,Furniture,East,1,3097,3097
10238,2024-11-21,2243,Female,56,Clothing,South,3,1289,3867
10239,2024-12-14,2536,Male,61,Electronics,South,5,4241,21205
10240,2024-09-15,2601,Male,64,Furniture,East,5,2238,11190
10241,2024-05-27,2074,Male,42,Groceries,East,4,3060,12240
10242,2024-09-08,2805,Female,54,Furniture,West,1,4470,4470
10243,2024-12-11,2385,Female,64,Clothing,North,1,2054,2054
10244,2024-05-26,2902,Male,25,Electronics,North,5,4883,24415
10245,2024-05-27,2209,Male,59,Clothing,West,2,694,1388
10246,2024-12-17,2474,Male,33,Groceries,South,4,3382,13528
10247,2024-07-17,2417,Male,25,Groceries,East,4,1984,7936
10248,2024-11-03,2346,Female,18,Groceries,East,5,3710,18550
10249,2024-05-07,2528,Male,61,Clothing,East,5,3986,19930
10250,2024-02-08,2639,Male,22,Furniture,South,2,4330,8660
10251,2024-12-03,2938,Male,20,Clothing,East,2,1198,2396
10252,2024-12-25,2954,Male,18,Electronics,East,1,4669,4669
10253,2024-05-08,2875,Female,21,Furniture,West,4,1651,6604
10254,2024-09-23,2762,Male,57,Groceries,South,4,1951,7804
10255,2024-05-30,2178,Female,52,Clothing,North,5,2480,12400
10256,2024-10-24,2181,Male,49,Groceries,West,1,4858,4858
10257,2024-04-08,2663,Male,59,Groceries,West,4,3134,12536
10258,2024-09-19,2024,Female,51,Electronics,North,1,3934,3934
10259,2024-09-08,2966,Male,60,Furniture,West,1,3546,3546
10260,2024-05-23,2179,Female,42,Electronics,South,5,2073,10365
10261,2024-12-11,2709,Female,27,Electronics,East,1,4734,4734
10262,2024-04-21,2500,Male,38,Electronics,South,2,4003,8006
10263,2024-02-29,2855,Female,63,Groceries,North,2,2179,4358
10264,2024-01-02,2160,Female,56,Electronics,North,3,898,2694
10265,2024-10-30,2176,Female,44,Electronics,West,5,1512,7560
10266,2024-09-10,2284,Female,44,Furniture,South,3,3162,9486
10267,2024-05-19,2062,Female,19,Furniture,South,2,3138,6276
10268,2024-02-06,2661,Female,58,Electronics,North,3,4987,14961
10269,2024-06-08,2665,Female,30,Furniture,South,5,2500,12500
10270,2024-01-09,2155,Female,26,Furniture,North,5,3397,16985
10271,2024-08-20,2881,Male,53,Electronics,South,1,326,326
10272,2024-04-08,2468,Male,39,Groceries,South,4,1391,5564
10273,2024-05-26,2048,Female,59,Electronics,South,1,2839,2839
10274,2024-10-30,2966,Male,43,Furniture,North,5,4589,22945
10275,2024-07-26,2848,Female,29,Groceries,West,2,4116,8232
10276,2024-05-10,2083,Female,34,Clothing,South,2,1566,3132
10277,2024-05-31,2360,Male,31,Groceries,North,1,1219,1219
10278,2024-02-23,2688,Female,31,Furniture,North,5,4279,21395
10279,2024-04-29,2147,Female,51,Groceries,South,2,4714,9428
10280,2024-06-09,2629,Female,37,Electronics,South,5,4739,23695
10281,2024-04-25,2341,Female,28,Clothing,West,2,884,1768
10282,2024-03-15,2475,Male,33,Clothing,North,5,3829,19145
10283,2024-04-22,2062,Female,48,Clothing,North,3,3087,9261
10284,2024-04-13,2700,Female,23,Furniture,East,5,1662,8310
10285,2024-12-05,2359,Female,36,Furniture,North,5,4286,21430
10286,2024-09-10,2560,Male,54,Clothing,West,1,2461,2461
10287,2024-08-14,2326,Female,21,Groceries,East,3,4380,13140
10288,2024-04-21,2768,Male,64,Clothing,East,4,3041,12164
10289,2024-04-08,2735,Male,21,Groceries,East,1,1967,1967
10290,2024-06-01,2140,Female,37,Groceries,South,4,4380,17520
10291,2024-12-14,2989,Female,27,Furniture,South,2,3760,7520
10292,2024-12-03,2214,Male,41,Groceries,North,4,2312,9248
10293,2024-07-12,2434,Female,52,Clothing,East,5,4958,24790
10294,2024-11-05,2890,Male,43,Furniture,West,4,826,3304
10295,2024-06-11,2951,Male,54,Electronics,South,1,4359,4359
10296,2024-07-26,2722,Female,55,Electronics,West,1,3614,3614
10297,2024-06-17,2317,Female,38,Furniture,West,4,1575,6300
10298,2024-06-09,2031,Male,57,Clothing,South,1,1381,1381
10299,2024-03-08,2669,Male,56,Electronics,South,1,690,690
10300,2024-10-15,2284,Male,38,Electronics,South,4,3929,15716
10301,2024-10-03,2304,Male,27,Groceries,South,3,3734,11202
10302,2024-10-30,2428,Female,55,Groceries,East,3,3496,10488
10303,2024-05-14,2476,Female,63,Clothing,East,2,2140,4280
10304,2024-07-13,2285,Female,21,Furniture,East,1,4608,4608
10305,2024-05-07,2143,Female,62,Clothing,East,4,2082,8328
10306,2024-02-02,2423,Female,37,Furniture,North,1,3187,3187
10307,2024-06-24,2018,Male,34,Electronics,East,5,3359,16795
10308,2024-01-22,2017,Female,24,Groceries,South,1,4975,4975
10309,2024-08-25,2768,Female,21,Clothing,West,1,4730,4730
10310,2024-06-06,2589,Female,46,Clothing,East,3,881,2643
10311,2024-02-07,2370,Female,31,Furniture,North,4,1273,5092
10312,2024-08-17,2174,Female,20,Furniture,South,1,2587,2587
10313,2024-12-30,2193,Male,41,Clothing,West,3,2594,7782
10314,2024-02-20,2501,Male,54,Furniture,West,2,2893,5786
10315,2024-09-20,2987,Male,33,Clothing,East,3,1570,4710
10316,2024-10-09,2112,Female,21,Clothing,West,3,4944,14832
10317,2024-01-27,2113,Male,41,Clothing,East,3,4540,13620
10318,2024-08-13,2221,Male,51,Electronics,East,1,2356,2356
10319,2024-10-03,2677,Female,47,Furniture,South,1,2780,2780
10320,2024-10-12,2946,Female,35,Groceries,South,2,4591,9182
10321,2024-04-06,2830,Female,36,Groceries,North,5,2359,11795
10322,2024-10-10,2643,Male,48,Furniture,South,5,3448,17240
10323,2024-11-12,2896,Male,36,Clothing,South,5,3931,19655
10324,2024-10-30,2263,Female,63,Groceries,East,2,4029,8058
10325,2024-05-26,2924,Female,36,Groceries,South,5,1827,9135
10326,2024-01-04,2054,Male,39,Furniture,East,5,3672,18360
10327,2024-02-04,2870,Male,41,Groceries,East,3,227,681
10328,2024-07-10,2642,Female,62,Clothing,South,1,2185,2185
10329,2024-02-18,2799,Female,29,Furniture,North,1,4353,4353
10330,2024-01-17,2777,Male,47,Clothing,North,3,1721,5163
10331,2024-06-20,2457,Female,55,Groceries,West,3,496,1488
10332,2024-08-07,2978,Male,48,Groceries,West,3,2381,7143
10333,2024-06-06,2877,Male,53,Clothing,South,1,3602,3602
10334,2024-02-15,2161,Male,36,Electronics,North,5,2496,12480
10335,2024-01-06,2379,Male,62,Groceries,East,3,2797,8391
10336,2024-04-08,2992,Female,53,Electronics,West,2,1101,2202
10337,2024-08-20,2086,Female,47,Groceries,East,3,1298,3894
10338,2024-02-06,2054,Male,50,Electronics,West,4,1877,7508
10339,2024-10-06,2475,Male,35,Electronics,South,3,3081,9243
10340,2024-12-14,2799,Male,45,Electronics,North,1,1578,1578
10341,2024-10-28,2177,Male,64,Clothing,West,3,1448,4344
10342,2024-06-29,2390,Male,28,Electronics,North,4,3935,15740
10343,2024-04-04,2348,Female,62,Electronics,East,2,4441,8882
10344,2024-04-08,2007,Female,50,Electronics,South,5,1464,7320
10345,2024-07-06,2832,Female,34,Groceries,North,3,2107,6321
10346,2024-04-25,2312,Female,23,Electronics,South,4,1258,5032
10347,2024-07-09,2758,Male,21,Groceries,North,4,2949,11796
10348,2024-09-09,2834,Male,37,Electronics,East,2,2248,4496
10349,2024-06-09,2983,Male,64,Electronics,East,1,4448,4448
10350,2024-09-12,2982,Male,44,Clothing,South,3,2676,8028
10351,2024-11-18,2442,Male,32,Groceries,East,4,4216,16864
10352,2024-05-07,2766,Female,23,Electronics,West,2,4803,9606
10353,2024-01-18,2327,Male,64,Groceries,North,5,3397,16985
10354,2024-10-07,2053,Female,31,Groceries,East,4,4786,19144
10355,2024-08-10,2760,Female,28,Furniture,West,2,3753,7506
10356,2024-02-23,2238,Female,56,Clothing,South,1,4640,4640
10357,2024-02-27,2228,Female,26,Clothing,West,1,1961,1961
10358,2024-11-18,2578,Male,43,Clothing,South,4,420,1680
10359,2024-12-25,2050,Female,33,Furniture,South,4,4823,19292
10360,2024-06-22,2608,Female,22,Furniture,North,3,3088,9264
10361,2024-10-06,2603,Female,27,Clothing,North,2,1864,3728
10362,2024-04-23,2263,Male,20,Furniture,West,4,4186,16744
10363,2024-10-14,2417,Male,30,Furniture,North,3,4776,14328
10364,2024-12-07,2802,Male,60,Furniture,North,3,3177,9531
10365,2024-05-30,2095,Female,47,Clothing,North,4,2071,8284
10366,2024-05-06,2087,Female,62,Clothing,West,1,1662,1662
10367,2024-06-03,2077,Male,23,Clothing,East,2,544,1088
10368,2024-09-29,2287,Female,34,Furniture,North,2,244,488
10369,2024-04-13,2119,Male,62,Clothing,North,1,2268,2268
10370,2024-10-25,2813,Male,36,Furniture,West,4,1714,6856
10371,2024-09-02,2490,Female,59,Electronics,East,2,2798,5596
10372,2024-06-24,2911,Female,52,Furniture,North,4,1201,4804
10373,2024-02-08,2451,Female,63,Groceries,South,4,1233,4932
10374,2024-06-18,2499,Female,43,Clothing,West,3,2240,6720
10375,2024-09-03,2164,Male,22,Clothing,North,1,473,473
10376,2024-01-26,2181,Male,46,Groceries,North,4,2847,11388
10377,2024-12-20,2468,Male,54,Furniture,South,5,1979,9895
10378,2024-11-01,2909,Male,37,Electronics,South,1,4676,4676
10379,2024-01-13,2734,Male,38,Groceries,West,2,678,1356
10380,2024-11-11,2822,Female,27,Groceries,West,3,715,2145
10381,2024-11-08,2943,Male,22,Furniture,South,2,4486,8972
10382,2024-02-05,2977,Male,53,Clothing,West,2,1391,2782
10383,2024-06-21,2006,Male,23,Furniture,South,1,2868,2868
10384,2024-01-20,2329,Female,43,Groceries,North,2,1611,3222
10385,2024-11-16,2774,Female,21,Groceries,South,4,3480,13920
10386,2024-09-20,2672,Female,56,Clothing,South,2,471,942
10387,2024-05-21,2150,Female,56,Clothing,East,3,342,1026
10388,2024-05-22,2084,Male,52,Clothing,South,3,3532,10596
10389,2024-04-01,2146,Male,18,Furniture,South,5,987,4935
10390,2024-12-19,2623,Female,41,Clothing,East,3,1881,5643
10391,2024-11-17,2380,Female,53,Groceries,West,2,822,1644
10392,2024-10-14,2914,Male,23,Groceries,East,3,4041,12123
10393,2024-08-02,2547,Male,58,Electronics,North,1,3876,3876
10394,2024-12-07,2284,Female,63,Furniture,East,3,2772,8316
10395,2024-02-20,2699,Female,61,Electronics,North,4,3460,13840
10396,2024-06-01,2081,Female,48,Groceries,West,1,4912,4912
10397,2024-07-04,2513,Female,37,Electronics,East,5,266,1330
10398,2024-03-03,2896,Male,41,Groceries,East,4,4486,17944
10399,2024-07-08,2814,Male,42,Electronics,West,2,4816,9632
10400,2024-05-04,2708,Male,53,Clothing,North,2,1340,2680
10401,2024-05-29,2915,Female,38,Electronics,East,2,2514,5028
10402,2024-11-09,2522,Female,47,Clothing,North,4,2732,10928
10403,2024-02-27,2745,Male,41,Clothing,East,4,3780,15120
10404,2024-12-07,2385,Male,61,Furniture,South,4,1387,5548
10405,2024-10-31,2706,Male,59,Clothing,East,1,4671,4671
10406,2024-06-28,2470,Male,47,Clothing,West,1,4948,4948
10407,2024-06-18,2118,Female,39,Electronics,West,2,3539,7078
10408,2024-11-21,2395,Male,45,Groceries,North,3,748,2244
10409,2024-09-27,2531,Male,24,Furniture,East,2,4287,8574
10410,2024-02-23,2260,Male,52,Clothing,North,5,272,1360
10411,2024-04-10,2804,Male,45,Furniture,North,1,398,398
10412,2024-09-20,2933,Male,31,Electronics,South,4,3401,13604
10413,2024-02-22,2255,Male,27,Clothing,South,1,1981,1981
10414,2024-02-29,2733,Male,33,Electronics,West,4,771,3084
10415,2024-04-17,2904,Female,33,Furniture,North,5,990,4950
10416,2024-01-05,2225,Female,48,Electronics,West,5,1838,9190
10417,2024-04-12,2052,Female,59,Furniture,East,1,2031,2031
10418,2024-07-14,2939,Female,42,Electronics,North,4,2055,8220
10419,2024-09-18,2866,Male,30,Furniture,North,5,1374,6870
10420,2024-12-30,2499,Female,23,Groceries,East,2,3940,7880
10421,2024-12-15,2505,Female,61,Electronics,East,2,3477,6954
10422,2024-02-16,2853,Male,26,Electronics,West,4,378,1512
10423,2024-12-20,2363,Male,62,Groceries,West,1,2444,2444
10424,2024-11-06,2279,Female,53,Groceries,East,5,4286,21430
10425,2024-11-03,2592,Female,60,Electronics,West,1,934,934
10426,2024-05-23,2713,Male,37,Groceries,East,2,998,1996
10427,2024-09-25,2157,Female,35,Clothing,North,5,987,4935
10428,2024-05-03,2631,Male,60,Furniture,North,1,2995,2995
10429,2024-04-15,2058,Male,38,Furniture,South,3,4504,13512
10430,2024-06-06,2726,Male,21,Furniture,North,4,4788,19152
10431,2024-05-26,2127,Male,50,Clothing,East,4,3284,13136
10432,2024-05-24,2735,Female,44,Groceries,West,3,3118,9354
10433,2024-04-29,2720,Male,24,Groceries,South,2,931,1862
10434,2024-11-14,2881,Male,23,Electronics,West,5,1329,6645
10435,2024-10-01,2114,Female,32,Groceries,East,4,3646,14584
10436,2024-04-01,2208,Male,35,Electronics,North,3,1805,5415
10437,2024-02-27,2525,Female,49,Clothing,South,3,3978,11934
10438,2024-12-11,2520,Female,28,Furniture,East,2,2945,5890
10439,2024-08-16,2551,Female,37,Furniture,South,2,3370,6740
10440,2024-04-26,2961,Male,41,Furniture,South,1,4889,4889
10441,2024-11-13,2236,Female,32,Groceries,North,4,3133,12532
10442,2024-10-05,2280,Female,24,Electronics,East,1,1415,1415
10443,2024-05-06,2358,Male,38,Electronics,West,3,524,1572
10444,2024-05-08,2200,Female,59,Clothing,South,5,2050,10250
10445,2024-02-27,2757,Female,43,Groceries,South,5,1690,8450
10446,2024-05-01,2277,Female,61,Clothing,West,2,1093,2186
10447,2024-01-01,2234,Female,31,Electronics,East,5,1590,7950
10448,2024-08-26,2493,Female,54,Electronics,South,5,3589,17945
10449,2024-10-16,2003,Male,38,Furniture,South,5,4439,22195
10450,2024-04-05,2665,Female,35,Groceries,South,3,4679,14037
10451,2024-05-05,2441,Female,22,Electronics,East,5,2463,12315
10452,2024-04-27,2028,Male,20,Furniture,East,5,3632,18160
10453,2024-02-17,2108,Male,40,Groceries,West,5,2571,12855
10454,2024-03-29,2609,Male,43,Clothing,East,1,3286,3286
10455,2024-08-24,2726,Female,54,Groceries,East,3,4512,13536
10456,2024-09-28,2804,Male,41,Groceries,North,2,1715,3430
10457,2024-07-07,2074,Female,36,Electronics,West,1,3117,3117
10458,2024-07-10,2837,Female,42,Electronics,South,4,2552,10208
10459,2024-03-09,2145,Male,38,Groceries,East,3,1367,4101
10460,2024-10-04,2127,Male,29,Electronics,South,3,310,930
10461,2024-12-14,2852,Female,58,Electronics,South,4,4527,18108
10462,2024-09-03,2041,Male,50,Electronics,North,4,3855,15420
10463,2024-03-16,2355,Female,21,Furniture,East,4,3993,15972
10464,2024-06-02,2040,Male,59,Furniture,West,2,1955,3910
10465,2024-05-23,2933,Male,24,Groceries,East,5,1777,8885
10466,2024-03-26,2033,Male,39,Electronics,South,3,1496,4488
10467,2024-07-03,2016,Female,50,Furniture,West,5,3974,19870
10468,2024-10-11,2676,Male,34,Groceries,East,5,2420,12100
10469,2024-08-07,2152,Female,41,Electronics,South,4,1172,4688
10470,2024-03-09,2997,Female,51,Clothing,South,2,1230,2460
10471,2024-02-16,2377,Female,45,Electronics,North,1,2793,2793
10472,2024-04-03,2587,Female,60,Electronics,North,2,4192,8384
10473,2024-08-25,2598,Male,58,Furniture,North,5,4813,24065
10474,2024-07-22,2628,Female,56,Groceries,South,2,1113,2226
10475,2024-08-05,2873,Female,39,Groceries,East,4,2381,9524
10476,2024-12-06,2341,Male,34,Furniture,North,1,3397,3397
10477,2024-02-08,2980,Female,51,Electronics,East,4,1662,6648
10478,2024-04-09,2026,Male,23,Clothing,North,1,2578,2578
10479,2024-10-15,2824,Female,63,Electronics,West,5,3654,18270
10480,2024-09-10,2286,Male,23,Electronics,West,1,3753,3753
10481,2024-08-09,2645,Female,51,Clothing,North,1,1507,1507
10482,2024-12-22,2730,Male,18,Furniture,South,1,1389,1389
10483,2024-01-23,2167,Female,27,Groceries,North,2,887,1774
10484,2024-09-06,2609,Female,38,Furniture,North,2,4861,9722
10485,2024-01-10,2267,Male,22,Furniture,South,5,1407,7035
10486,2024-09-02,2748,Male,19,Electronics,West,1,2094,2094
10487,2024-11-20,2820,Male,39,Groceries,East,3,2011,6033
10488,2024-04-09,2454,Male,19,Groceries,North,5,3383,16915
10489,2024-10-16,2905,Female,27,Furniture,South,1,3997,3997
10490,2024-06-28,2684,Female,51,Clothing,North,1,1844,1844
10491,2024-08-10,2400,Male,33,Furniture,South,2,4168,8336
10492,2024-09-06,2921,Female,56,Clothing,East,5,2916,14580
10493,2024-05-26,2980,Male,39,Groceries,East,1,390,390
10494,2024-04-05,2475,Male,29,Furniture,West,1,1535,1535
10495,2024-09-13,2701,Female,41,Electronics,South,5,3306,16530
10496,2024-11-20,2633,Female,64,Furniture,South,3,578,1734
10497,2024-01-04,2557,Female,57,Groceries,West,5,4682,23410
10498,2024-01-16,2575,Female,55,Electronics,West,5,4029,20145
10499,2024-10-06,2129,Female,27,Electronics,South,3,815,2445
10500,2024-12-01,2821,Female,52,Clothing,West,5,2530,12650
10501,2024-09-03,2362,Female,49,Electronics,East,1,1954,1954
10502,2024-09-14,2704,Male,24,Electronics,North,5,663,3315
10503,2024-06-08,2818,Male,38,Furniture,East,3,1166,3498
10504,2024-12-05,2692,Male,37,Groceries,West,4,4467,17868
10505,2024-05-31,2291,Male,43,Clothing,South,5,3358,16790
10506,2024-06-26,2370,Male,21,Furniture,South,2,3824,7648
10507,2024-06-11,2793,Female,63,Electronics,East,1,889,889
10508,2024-02-02,2028,Male,39,Electronics,South,1,2822,2822
10509,2024-06-27,2148,Male,32,Clothing,West,2,2412,4824
10510,2024-04-10,2778,Male,57,Groceries,East,2,582,1164
10511,2024-09-24,2295,Male,38,Clothing,South,5,2456,12280
10512,2024-11-18,2010,Male,32,Furniture,North,2,4010,8020
10513,2024-03-05,2511,Male,39,Clothing,North,4,3703,14812
10514,2024-06-16,2675,Male,45,Electronics,West,3,1612,4836
10515,2024-11-25,2112,Female,31,Furniture,South,2,1783,3566
10516,2024-02-12,2186,Female,44,Electronics,West,2,571,1142
10517,2024-02-13,2806,Male,58,Groceries,East,4,810,3240
10518,2024-10-11,2743,Female,57,Electronics,North,1,315,315
10519,2024-01-12,2226,Female,45,Electronics,East,1,646,646
10520,2024-04-04,2309,Female,43,Clothing,South,5,1591,7955
10521,2024-10-28,2097,Female,19,Electronics,West,4,3524,14096
10522,2024-09-09,2054,Male,42,Furniture,West,3,1540,4620
10523,2024-08-29,2622,Female,20,Furniture,West,3,4710,14130
10524,2024-02-04,2663,Female,25,Groceries,East,4,3139,12556
10525,2024-08-02,2757,Female,61,Furniture,North,3,3899,11697
10526,2024-12-02,2405,Male,50,Clothing,East,1,1273,1273
10527,2024-03-30,2068,Male,59,Groceries,East,3,3769,11307
10528,2024-09-20,2311,Male,52,Furniture,South,3,3350,10050
10529,2024-04-02,2288,Male,23,Clothing,South,4,1805,7220
10530,2024-03-30,2761,Male,56,Furniture,South,4,4857,19428
10531,2024-04-24,2547,Male,40,Furniture,North,3,2494,7482
10532,2024-04-14,2750,Male,42,Electronics,North,2,3862,7724
10533,2024-07-14,2147,Female,60,Furniture,South,4,4682,18728
10534,2024-11-09,2466,Female,36,Furniture,South,5,4997,24985
10535,2024-04-23,2738,Female,22,Clothing,North,5,1183,5915
10536,2024-03-15,2243,Male,28,Clothing,West,1,551,551
10537,2024-08-04,2490,Male,29,Electronics,North,3,1924,5772
10538,2024-10-03,2848,Male,27,Furniture,North,2,2151,4302
10539,2024-09-05,2957,Male,25,Electronics,North,1,1479,1479
10540,2024-06-12,2506,Male,41,Furniture,South,3,2107,6321
10541,2024-12-22,2364,Female,45,Groceries,West,4,1224,4896
10542,2024-07-10,2481,Female,58,Groceries,North,5,745,3725
10543,2024-08-14,2200,Male,53,Electronics,South,2,4374,8748
10544,2024-06-25,2153,Male,54,Electronics,East,5,2581,12905
10545,2024-04-08,2449,Male,38,Electronics,East,4,1088,4352
10546,2024-02-05,2500,Male,25,Clothing,North,3,1305,3915
10547,2024-04-05,2072,Female,26,Clothing,East,4,2749,10996
10548,2024-05-31,2712,Male,64,Clothing,West,4,2190,8760
10549,2024-05-30,2295,Male,32,Electronics,East,5,4198,20990
10550,2024-07-08,2016,Male,63,Furniture,East,2,3975,7950
10551,2024-08-11,2640,Male,57,Groceries,West,4,3012,12048
10552,2024-02-06,2216,Female,35,Electronics,North,5,1120,5600
10553,2024-09-24,2060,Male,59,Clothing,North,2,4845,9690
10554,2024-07-01,2938,Male,37,Clothing,West,3,2261,6783
10555,2024-01-13,2615,Female,23,Electronics,West,3,4687,14061
10556,2024-10-05,2041,Female,29,Electronics,West,1,3839,3839
10557,2024-08-04,2024,Female,19,Clothing,East,5,3365,16825
10558,2024-12-20,2038,Male,24,Furniture,West,2,4635,9270
10559,2024-12-26,2802,Male,33,Clothing,South,4,2844,11376
10560,2024-10-12,2130,Female,20,Clothing,East,3,1245,3735
10561,2024-09-29,2497,Female,62,Electronics,North,2,3756,7512
10562,2024-03-02,2228,Female,20,Furniture,North,5,2881,14405
10563,2024-03-24,2107,Female,44,Clothing,North,1,3399,3399
10564,2024-08-04,2171,Female,60,Clothing,East,3,1138,3414
10565,2024-12-07,2434,Female,57,Groceries,South,2,641,1282
10566,2024-07-05,2477,Male,55,Electronics,West,2,2750,5500
10567,2024-01-19,2101,Male,50,Groceries,West,2,4425,8850
10568,2024-06-25,2865,Male,45,Groceries,North,5,796,3980
10569,2024-04-09,2523,Female,18,Clothing,North,5,1705,8525
10570,2024-08-20,2274,Female,25,Electronics,East,5,1061,5305
10571,2024-03-16,2612,Female,54,Furniture,South,4,2840,11360
10572,2024-09-21,2043,Female,49,Clothing,West,2,3931,7862
10573,2024-10-10,2954,Female,60,Furniture,East,3,1751,5253
10574,2024-07-24,2816,Female,54,Furniture,West,5,3436,17180
10575,2024-08-10,2956,Male,21,Electronics,North,5,1936,9680
10576,2024-02-21,2016,Male,47,Groceries,West,2,1649,3298
10577,2024-12-04,2329,Female,23,Electronics,South,5,464,2320
10578,2024-05-23,2568,Male,63,Furniture,South,4,2859,11436
10579,2024-03-09,2822,Female,36,Clothing,North,4,2921,11684
10580,2024-04-08,2496,Male,49,Furniture,South,5,1662,8310
10581,2024-01-25,2814,Female,26,Clothing,South,2,4452,8904
10582,2024-02-22,2011,Female,29,Clothing,East,2,1645,3290
10583,2024-05-30,2317,Male,28,Electronics,West,2,2498,4996
10584,2024-05-23,2591,Male,63,Furniture,North,1,3125,3125
10585,2024-02-26,2215,Female,33,Groceries,North,5,1832,9160
10586,2024-02-08,2338,Female,18,Furniture,North,2,2574,5148
10587,2024-04-18,2775,Male,62,Furniture,North,4,712,2848
10588,2024-06-29,2990,Male,38,Groceries,North,3,415,1245
10589,2024-02-11,2660,Female,47,Electronics,South,3,3531,10593
10590,2024-07-04,2080,Male,30,Furniture,East,2,2372,4744
10591,2024-08-10,2726,Female,51,Furniture,North,3,3353,10059
10592,2024-05-01,2484,Female,21,Clothing,East,3,1906,5718
10593,2024-05-12,2373,Female,45,Furniture,East,1,2306,2306
10594,2024-06-11,2975,Female,55,Groceries,South,4,1767,7068
10595,2024-08-02,2709,Male,48,Clothing,North,4,2408,9632
10596,2024-08-08,2199,Male,44,Electronics,South,1,2531,2531
10597,2024-08-22,2536,Male,22,Clothing,North,1,2353,2353
10598,2024-11-26,2465,Male,42,Groceries,South,3,1328,3984
10599,2024-05-25,2088,Male,20,Groceries,East,5,3710,18550
10600,2024-08-26,2267,Male,50,Clothing,North,3,4523,13569
10601,2024-03-16,2654,Male,21,Electronics,West,1,3853,3853
10602,2024-01-09,2570,Female,42,Clothing,East,4,2565,10260
10603,2024-03-14,2921,Male,37,Electronics,West,3,3121,9363
10604,2024-09-09,2488,Male,51,Clothing,East,5,4767,23835
10605,2024-08-17,2876,Female,43,Groceries,South,3,1279,3837
10606,2024-01-07,2537,Male,22,Furniture,North,2,3711,7422
10607,2024-06-22,2046,Male,52,Furniture,East,3,2941,8823
10608,2024-05-20,2287,Female,45,Electronics,South,1,3220,3220
10609,2024-06-16,2777,Male,46,Electronics,North,4,428,1712
10610,2024-06-18,2015,Male,26,Electronics,North,4,370,1480
10611,2024-10-09,2710,Male,55,Groceries,East,1,494,494
10612,2024-05-01,2400,Female,23,Clothing,North,2,4484,8968
10613,2024-07-12,2918,Male,36,Groceries,East,1,625,625
10614,2024-01-05,2793,Male,61,Furniture,North,3,1118,3354
10615,2024-01-29,2980,Female,28,Electronics,West,1,3453,3453
10616,2024-06-13,2085,Male,19,Clothing,South,1,698,698
10617,2024-12-04,2249,Female,64,Furniture,West,2,3009,6018
10618,2024-05-15,2390,Female,61,Furniture,East,3,1025,3075
10619,2024-12-30,2781,Male,61,Furniture,West,5,3979,19895
10620,2024-11-16,2334,Female,26,Groceries,East,5,2058,10290
10621,2024-12-07,2628,Female,38,Electronics,North,4,2318,9272
10622,2024-05-24,2518,Male,41,Furniture,North,1,345,345
10623,2024-11-22,2136,Female,51,Electronics,East,4,4765,19060
10624,2024-08-04,2882,Female,39,Groceries,West,2,3777,7554
10625,2024-10-27,2687,Male,20,Furniture,North,5,392,1960
10626,2024-05-11,2839,Male,29,Groceries,South,1,4088,4088
10627,2024-10-18,2497,Male,45,Groceries,North,2,251,502
10628,2024-03-10,2826,Female,47,Electronics,South,2,2610,5220
10629,2024-09-08,2726,Male,43,Furniture,West,1,2020,2020
10630,2024-10-01,2476,Female,38,Groceries,South,2,3164,6328
10631,2024-12-29,2593,Female,45,Furniture,South,1,2721,2721
10632,2024-06-30,2222,Female,43,Electronics,South,1,2069,2069
10633,2024-06-15,2989,Female,50,Groceries,South,3,2768,8304
10634,2024-03-31,2371,Female,38,Electronics,North,4,2067,8268
10635,2024-07-20,2934,Female,52,Furniture,South,2,2938,5876
10636,2024-12-11,2994,Female,51,Furniture,North,2,3469,6938
10637,2024-01-19,2401,Male,58,Electronics,South,3,3399,10197
10638,2024-02-08,2442,Male,64,Clothing,East,3,2779,8337
10639,2024-05-05,2489,Female,35,Groceries,West,3,4205,12615
10640,2024-06-21,2614,Female,28,Furniture,South,5,440,2200
10641,2024-05-20,2272,Male,40,Furniture,East,5,3640,18200
10642,2024-08-29,2525,Female,39,Groceries,South,5,4831,24155
10643,2024-08-07,2158,Male,34,Electronics,South,1,1607,1607
10644,2024-05-05,2151,Male,22,Electronics,South,2,3702,7404
10645,2024-02-27,2994,Male,61,Electronics,East,4,4238,16952
10646,2024-05-27,2619,Female,28,Clothing,West,1,282,282
10647,2024-11-12,2187,Female,47,Clothing,East,2,3968,7936
10648,2024-12-26,2812,Male,32,Furniture,West,2,1150,2300
10649,2024-01-01,2097,Male,44,Electronics,South,3,810,2430
10650,2024-12-13,2130,Male,52,Groceries,North,3,4869,14607
10651,2024-07-08,2804,Male,50,Furniture,South,1,3805,3805
10652,2024-07-09,2170,Male,37,Groceries,West,3,4754,14262
10653,2024-11-07,2935,Female,33,Furniture,East,2,3483,6966
10654,2024-04-26,2985,Male,51,Clothing,South,3,2373,7119
10655,2024-05-13,2182,Female,19,Furniture,East,5,3684,18420
10656,2024-02-27,2982,Male,52,Clothing,East,3,1722,5166
10657,2024-02-13,2363,Female,57,Furniture,East,2,2801,5602
10658,2024-06-21,2038,Female,45,Electronics,South,1,2857,2857
10659,2024-06-08,2526,Female,64,Groceries,East,4,2359,9436
10660,2024-06-21,2887,Female,56,Electronics,East,3,2649,7947
10661,2024-11-12,2496,Female,23,Furniture,South,2,4030,8060
10662,2024-10-29,2515,Female,26,Furniture,East,4,321,1284
10663,2024-05-28,2348,Male,37,Furniture,South,4,4568,18272
10664,2024-03-20,2981,Female,18,Clothing,West,5,1517,7585
10665,2024-07-31,2920,Male,25,Groceries,West,4,4693,18772
10666,2024-07-21,2396,Female,40,Groceries,West,2,2718,5436
10667,2024-09-08,2721,Female,20,Furniture,East,2,1430,2860
10668,2024-08-16,2160,Male,21,Furniture,North,3,1333,3999
10669,2024-06-12,2015,Female,42,Clothing,North,3,1501,4503
10670,2024-08-14,2492,Male,64,Electronics,East,3,4234,12702
10671,2024-05-26,2425,Male,55,Electronics,North,4,2110,8440
10672,2024-01-20,2107,Male,32,Groceries,South,4,1705,6820
10673,2024-02-16,2893,Male,38,Clothing,North,5,3385,16925
10674,2024-08-20,2449,Female,52,Furniture,East,3,2116,6348
10675,2024-10-31,2310,Female,63,Groceries,East,1,3748,3748
10676,2024-01-14,2738,Male,31,Clothing,South,5,2957,14785
10677,2024-05-22,2169,Female,53,Electronics,West,1,2156,2156
10678,2024-01-01,2545,Female,29,Clothing,East,4,378,1512
10679,2024-02-23,2413,Male,34,Electronics,South,5,1096,5480
10680,2024-09-15,2250,Female,56,Clothing,North,5,1751,8755
10681,2024-05-23,2758,Male,26,Groceries,North,2,691,1382
10682,2024-01-12,2780,Male,52,Electronics,South,4,260,1040
10683,2024-11-25,2140,Female,30,Groceries,South,4,1277,5108
10684,2024-08-11,2273,Female,32,Groceries,East,5,3095,15475
10685,2024-09-28,2415,Female,35,Electronics,North,4,4360,17440
10686,2024-12-23,2607,Male,50,Electronics,South,5,3883,19415
10687,2024-06-04,2738,Male,23,Furniture,North,2,785,1570
10688,2024-01-08,2890,Female,44,Furniture,South,5,4160,20800
10689,2024-05-01,2038,Female,40,Furniture,North,4,3970,15880
10690,2024-12-13,2813,Female,44,Groceries,West,4,734,2936
10691,2024-06-12,2028,Female,51,Groceries,East,5,3662,18310
10692,2024-03-30,2957,Male,63,Furniture,North,5,4211,21055
10693,2024-05-15,2476,Female,55,Groceries,West,5,3598,17990
10694,2024-07-04,2317,Male,31,Groceries,North,3,2355,7065
10695,2024-11-11,2244,Male,53,Electronics,North,4,1204,4816
10696,2024-06-26,2747,Female,25,Electronics,West,4,2699,10796
10697,2024-01-28,2696,Female,52,Groceries,North,3,526,1578
10698,2024-08-07,2271,Female,36,Furniture,North,5,4903,24515
10699,2024-12-22,2439,Male,47,Clothing,East,2,2906,5812
10700,2024-02-10,2747,Female,31,Furniture,West,5,201,1005
10701,2024-08-15,2238,Female,37,Clothing,West,5,1233,6165
10702,2024-07-10,2376,Male,42,Furniture,South,3,2681,8043
10703,2024-05-24,2265,Female,57,Electronics,North,4,324,1296
10704,2024-07-19,2925,Male,41,Groceries,East,5,1304,6520
10705,2024-07-30,2920,Female,31,Groceries,North,4,2899,11596
10706,2024-08-07,2358,Male,43,Electronics,North,1,2061,2061
10707,2024-08-27,2339,Female,55,Clothing,South,4,3120,12480
10708,2024-02-15,2388,Female,40,Clothing,North,2,328,656
10709,2024-02-04,2576,Male,39,Clothing,East,2,637,1274
10710,2024-09-09,2989,Male,36,Electronics,East,5,2748,13740
10711,2024-03-22,2688,Female,63,Clothing,South,4,3329,13316
10712,2024-09-12,2002,Male,20,Electronics,North,5,1421,7105
10713,2024-07-15,2428,Male,59,Furniture,East,3,1101,3303
10714,2024-10-29,2141,Male,36,Furniture,North,2,3368,6736
10715,2024-01-10,2375,Male,26,Electronics,North,5,4686,23430
10716,2024-11-07,2669,Female,45,Groceries,North,3,4118,12354
10717,2024-10-12,2323,Female,37,Furniture,South,5,1267,6335
10718,2024-08-29,2145,Male,62,Clothing,North,4,226,904
10719,2024-09-07,2957,Male,24,Electronics,East,4,747,2988
10720,2024-12-30,2292,Male,31,Clothing,North,4,2868,11472
10721,2024-01-05,2664,Male,26,Clothing,East,4,766,3064
10722,2024-04-28,2431,Female,36,Groceries,North,1,903,903
10723,2024-10-15,2704,Female,64,Clothing,East,3,4480,13440
10724,2024-03-05,2948,Male,31,Groceries,East,3,3340,10020
10725,2024-05-25,2974,Male,55,Furniture,North,4,1790,7160
10726,2024-08-11,2584,Male,53,Electronics,North,1,4894,4894
10727,2024-08-26,2398,Female,57,Clothing,East,4,1005,4020
10728,2024-06-25,2816,Male,34,Electronics,West,1,3991,3991
10729,2024-09-23,2888,Female,47,Clothing,South,4,1557,6228
10730,2024-12-06,2343,Male,26,Electronics,West,2,3425,6850
10731,2024-10-08,2963,Female,50,Clothing,West,2,3818,7636
10732,2024-03-03,2139,Male,42,Clothing,North,5,2326,11630
10733,2024-08-04,2186,Female,31,Clothing,South,4,2660,10640
10734,2024-12-07,2804,Male,28,Clothing,West,3,745,2235
10735,2024-11-10,2060,Male,52,Clothing,North,5,2928,14640
10736,2024-10-09,2996,Male,58,Clothing,West,2,3934,7868
10737,2024-06-25,2938,Female,31,Clothing,West,4,2762,11048
10738,2024-04-07,2379,Male,47,Clothing,North,5,2279,11395
10739,2024-04-14,2709,Female,58,Clothing,North,4,2841,11364
10740,2024-04-08,2806,Female,21,Electronics,North,2,3314,6628
10741,2024-11-06,2439,Male,21,Groceries,South,5,2126,10630
10742,2024-01-06,2318,Male,45,Clothing,West,2,816,1632
10743,2024-07-15,2301,Male,25,Groceries,North,1,3844,3844
10744,2024-12-16,2343,Female,19,Clothing,East,2,1403,2806
10745,2024-05-12,2010,Male,58,Clothing,West,4,1959,7836
10746,2024-12-23,2061,Female,63,Electronics,East,3,2765,8295
10747,2024-09-15,2844,Female,39,Furniture,South,2,3374,6748
10748,2024-01-23,2225,Male,58,Furniture,North,3,3281,9843
10749,2024-02-22,2152,Male,33,Electronics,East,1,2830,2830
10750,2024-06-13,2710,Male,46,Groceries,South,5,3361,16805
10751,2024-07-20,2563,Male,47,Furniture,North,5,4521,22605
10752,2024-03-23,2771,Male,29,Electronics,East,3,869,2607
10753,2024-05-24,2570,Male,52,Electronics,East,5,3368,16840
10754,2024-03-25,2583,Female,28,Furniture,South,2,2321,4642
10755,2024-03-18,2659,Female,63,Groceries,North,3,4278,12834
10756,2024-01-01,2860,Female,38,Electronics,North,4,4351,17404
10757,2024-02-20,2574,Male,38,Clothing,East,2,919,1838
10758,2024-06-21,2309,Female,22,Groceries,East,2,2800,5600
10759,2024-07-23,2884,Female,37,Groceries,East,2,3798,7596
10760,2024-09-16,2242,Female,54,Furniture,North,4,4869,19476
10761,2024-10-14,2492,Female,20,Furniture,South,1,866,866
10762,2024-02-03,2365,Female,61,Clothing,South,5,483,2415
10763,2024-12-13,2329,Male,50,Electronics,North,3,4103,12309
10764,2024-04-04,2106,Male,26,Furniture,West,1,3765,3765
10765,2024-03-12,2225,Female,26,Furniture,South,3,2434,7302
10766,2024-02-08,2824,Female,21,Groceries,East,5,4793,23965
10767,2024-06-02,2217,Female,52,Furniture,West,4,1665,6660
10768,2024-09-06,2936,Male,34,Furniture,West,2,329,658
10769,2024-06-10,2752,Male,51,Furniture,South,2,4934,9868
10770,2024-04-27,2505,Female,41,Furniture,West,4,2260,9040
10771,2024-09-15,2258,Male,49,Groceries,West,1,3872,3872
10772,2024-11-01,2887,Male,18,Clothing,South,1,2694,2694
10773,2024-09-24,2773,Female,25,Clothing,South,3,1192,3576
10774,2024-02-23,2516,Male,62,Electronics,West,4,2321,9284
10775,2024-08-23,2772,Male,40,Furniture,East,1,2784,2784
10776,2024-08-09,2053,Female,64,Groceries,North,4,4396,17584
10777,2024-09-07,2046,Male,57,Electronics,West,5,2423,12115
10778,2024-11-08,2726,Male,29,Electronics,West,2,4722,9444
10779,2024-04-21,2688,Female,29,Clothing,East,2,3388,6776
10780,2024-09-11,2520,Male,63,Groceries,West,2,3437,6874
10781,2024-10-29,2098,Male,64,Groceries,West,4,4336,17344
10782,2024-07-25,2019,Female,32,Groceries,North,4,4724,18896
10783,2024-08-16,2889,Female,58,Clothing,North,3,543,1629
10784,2024-12-06,2752,Female,36,Clothing,North,2,4661,9322
10785,2024-03-06,2572,Male,43,Clothing,South,3,4904,14712
10786,2024-03-15,2890,Female,46,Clothing,South,2,2476,4952
10787,2024-04-12,2489,Male,39,Clothing,North,3,3401,10203
10788,2024-07-10,2418,Female,57,Furniture,North,3,1088,3264
10789,2024-09-08,2689,Male,38,Furniture,South,5,2243,11215
10790,2024-08-13,2849,Female,55,Groceries,East,3,1541,4623
10791,2024-10-20,2061,Female,37,Electronics,West,4,3920,15680
10792,2024-11-01,2144,Female,46,Groceries,West,3,3083,9249
10793,2024-04-07,2215,Female,21,Electronics,North,2,4412,8824
10794,2024-12-03,2002,Male,24,Clothing,East,3,2615,7845
10795,2024-10-12,2159,Female,45,Electronics,South,1,1317,1317
10796,2024-11-30,2738,Female,45,Groceries,North,2,4463,8926
10797,2024-12-12,2997,Male,21,Groceries,East,1,3201,3201
10798,2024-11-03,2780,Female,39,Electronics,East,2,1938,3876
10799,2024-09-05,2119,Male,29,Furniture,East,4,1564,6256
10800,2024-06-14,2892,Female,62,Clothing,South,4,2908,11632
10801,2024-11-30,2088,Female,20,Clothing,South,4,4990,19960
10802,2024-01-30,2328,Female,39,Groceries,West,1,1124,1124
10803,2024-09-03,2579,Male,61,Furniture,West,5,351,1755
10804,2024-04-15,2909,Female,19,Electronics,East,2,785,1570
10805,2024-02-20,2356,Female,41,Clothing,East,4,1112,4448
10806,2024-03-21,2609,Female,51,Furniture,South,2,2521,5042
10807,2024-05-12,2266,Male,44,Clothing,West,1,695,695
10808,2024-10-11,2616,Male,58,Furniture,East,5,3995,19975
10809,2024-05-17,2951,Female,18,Furniture,West,1,2348,2348
10810,2024-07-02,2322,Male,25,Groceries,West,2,756,1512
10811,2024-11-25,2634,Female,40,Clothing,East,5,1752,8760
10812,2024-09-29,2987,Female,55,Electronics,South,5,2320,11600
10813,2024-12-05,2540,Female,23,Groceries,East,1,3285,3285
10814,2024-03-09,2648,Female,39,Groceries,East,4,3704,14816
10815,2024-02-03,2194,Female,42,Electronics,West,2,356,712
10816,2024-09-18,2920,Female,35,Groceries,East,3,934,2802
10817,2024-02-22,2737,Female,34,Furniture,South,3,4854,14562
10818,2024-07-23,2331,Male,29,Furniture,East,1,3476,3476
10819,2024-05-05,2169,Male,23,Clothing,South,2,354,708
10820,2024-08-22,2520,Male,43,Clothing,South,2,1196,2392
10821,2024-02-12,2462,Male,44,Electronics,West,1,2494,2494
10822,2024-08-27,2039,Male,25,Clothing,North,2,4826,9652
10823,2024-04-20,2536,Male,36,Furniture,North,4,3105,12420
10824,2024-09-05,2260,Male,59,Electronics,West,1,1377,1377
10825,2024-05-30,2394,Female,18,Electronics,East,4,353,1412
10826,2024-07-01,2954,Female,46,Clothing,West,2,4387,8774
10827,2024-12-01,2225,Female,62,Furniture,South,1,1916,1916
10828,2024-04-04,2983,Female,52,Electronics,North,2,3402,6804
10829,2024-01-08,2123,Male,57,Furniture,West,1,3057,3057
10830,2024-12-25,2974,Male,31,Furniture,East,2,986,1972
10831,2024-07-02,2037,Female,52,Furniture,West,4,4568,18272
10832,2024-10-07,2327,Female,62,Clothing,North,4,4472,17888
10833,2024-07-13,2250,Male,37,Groceries,West,2,3967,7934
10834,2024-12-17,2900,Female,30,Groceries,West,1,3078,3078
10835,2024-07-13,2175,Female,55,Electronics,North,3,842,2526
10836,2024-06-03,2601,Female,63,Furniture,South,4,4862,19448
10837,2024-04-02,2913,Female,25,Clothing,South,4,865,3460
10838,2024-06-08,2453,Male,60,Furniture,North,3,3626,10878
10839,2024-03-01,2036,Female,37,Furniture,West,2,3983,7966
10840,2024-05-01,2315,Female,50,Clothing,North,1,3901,3901
10841,2024-02-20,2687,Male,43,Groceries,South,2,1269,2538
10842,2024-10-03,2972,Male,56,Furniture,East,5,2549,12745
10843,2024-01-05,2795,Female,38,Furniture,West,4,4703,18812
10844,2024-04-01,2964,Male,59,Groceries,South,5,1412,7060
10845,2024-06-18,2972,Female,60,Clothing,West,4,1352,5408
10846,2024-11-12,2592,Female,58,Electronics,North,4,2711,10844
10847,2024-01-22,2113,Male,26,Groceries,East,5,343,1715
10848,2024-11-21,2039,Female,41,Electronics,North,5,2689,13445
10849,2024-01-01,2300,Female,54,Electronics,East,2,3428,6856
10850,2024-05-12,2223,Female,58,Groceries,West,5,4782,23910
10851,2024-08-20,2317,Female,34,Furniture,West,2,3405,6810
10852,2024-01-12,2348,Male,41,Electronics,North,2,4443,8886
10853,2024-12-11,2114,Male,38,Electronics,East,2,3342,6684
10854,2024-02-15,2697,Female,56,Clothing,East,4,3504,14016
10855,2024-02-03,2322,Male,58,Furniture,West,4,1557,6228
10856,2024-03-18,2567,Female,56,Electronics,North,5,2913,14565
10857,2024-08-05,2039,Female,30,Clothing,East,4,4385,17540
10858,2024-10-27,2865,Female,28,Furniture,West,5,1557,7785
10859,2024-03-13,2039,Female,63,Groceries,South,4,4494,17976
10860,2024-10-08,2858,Female,36,Groceries,North,1,4833,4833
10861,2024-09-05,2972,Male,28,Clothing,South,1,3392,3392
10862,2024-02-16,2748,Female,30,Groceries,North,5,500,2500
10863,2024-04-30,2288,Male,63,Electronics,West,4,923,3692
10864,2024-08-01,2261,Male,62,Furniture,East,4,3210,12840
10865,2024-08-26,2215,Female,18,Electronics,East,2,267,534
10866,2024-02-25,2146,Female,57,Electronics,East,3,4036,12108
10867,2024-12-15,2335,Female,61,Groceries,North,5,4193,20965
10868,2024-04-16,2167,Female,36,Electronics,West,3,2706,8118
10869,2024-11-14,2091,Female,29,Groceries,South,3,1737,5211
10870,2024-02-17,2352,Male,25,Furniture,West,5,597,2985
10871,2024-03-01,2570,Female,25,Furniture,South,4,4915,19660
10872,2024-12-02,2570,Female,62,Electronics,North,5,3557,17785
10873,2024-01-26,2815,Male,29,Clothing,North,3,1363,4089
10874,2024-10-18,2680,Male,50,Groceries,South,4,755,3020
10875,2024-09-13,2780,Female,62,Groceries,South,1,3861,3861
10876,2024-01-08,2362,Male,43,Electronics,South,5,1951,9755
10877,2024-04-22,2556,Female,56,Groceries,West,5,3141,15705
10878,2024-12-20,2344,Male,45,Groceries,South,4,2857,11428
10879,2024-09-09,2692,Male,22,Clothing,North,1,2995,2995
10880,2024-06-28,2169,Female,25,Clothing,North,1,2529,2529
10881,2024-07-25,2355,Male,42,Electronics,East,4,2159,8636
10882,2024-10-29,2190,Male,44,Clothing,South,2,1801,3602
10883,2024-05-06,2666,Male,63,Electronics,West,5,2993,14965
10884,2024-02-25,2421,Male,40,Furniture,West,5,1680,8400
10885,2024-08-01,2699,Male,47,Electronics,West,3,1302,3906
10886,2024-01-14,2006,Male,62,Furniture,East,4,3476,13904
10887,2024-01-28,2132,Female,64,Electronics,North,3,1499,4497
10888,2024-03-18,2746,Female,40,Groceries,West,3,4079,12237
10889,2024-08-03,2556,Male,64,Clothing,North,1,1735,1735
10890,2024-12-30,2825,Female,37,Furniture,East,5,277,1385
10891,2024-06-02,2760,Female,35,Electronics,South,3,3031,9093
10892,2024-01-14,2030,Female,35,Clothing,South,1,3610,3610
10893,2024-07-05,2534,Male,19,Electronics,South,4,2921,11684
10894,2024-11-07,2425,Female,21,Clothing,West,3,3827,11481
10895,2024-01-07,2393,Male,47,Clothing,South,5,1732,8660
10896,2024-01-03,2671,Female,50,Electronics,West,3,437,1311
10897,2024-04-20,2362,Male,53,Furniture,East,4,2196,8784
10898,2024-08-25,2436,Male,35,Furniture,East,3,3627,10881
10899,2024-12-28,2669,Female,54,Groceries,West,5,477,2385
10900,2024-08-26,2550,Female,36,Clothing,North,1,3289,3289
10901,2024-09-30,2926,Male,64,Groceries,South,5,723,3615
10902,2024-10-20,2081,Female,45,Groceries,South,1,4475,4475
10903,2024-08-14,2355,Female,57,Electronics,South,2,4418,8836
10904,2024-01-15,2257,Female,37,Electronics,West,5,3322,16610
10905,2024-07-10,2717,Male,50,Electronics,East,5,4775,23875
10906,2024-04-28,2588,Male,29,Clothing,South,4,1997,7988
10907,2024-01-28,2988,Female,32,Electronics,East,3,2331,6993
10908,2024-07-20,2523,Female,58,Electronics,South,1,1015,1015
10909,2024-02-08,2294,Female,56,Clothing,South,1,2894,2894
10910,2024-09-29,2961,Male,19,Clothing,West,4,642,2568
10911,2024-08-18,2223,Male,46,Furniture,North,4,3340,13360
10912,2024-03-26,2524,Female,58,Electronics,West,3,342,1026
10913,2024-05-05,2045,Female,27,Electronics,South,3,4487,13461
10914,2024-10-26,2666,Female,19,Electronics,South,5,1610,8050
10915,2024-01-25,2112,Female,28,Furniture,North,2,4673,9346
10916,2024-05-24,2232,Female,30,Electronics,East,3,734,2202
10917,2024-01-13,2016,Female,27,Furniture,East,4,1916,7664
10918,2024-07-30,2359,Male,31,Groceries,South,3,3564,10692
10919,2024-01-25,2222,Female,35,Furniture,East,1,1232,1232
10920,2024-03-08,2865,Male,26,Groceries,South,2,3542,7084
10921,2024-03-07,2699,Female,56,Electronics,North,5,1610,8050
10922,2024-08-20,2447,Female,45,Groceries,North,1,4700,4700
10923,2024-04-18,2855,Male,20,Furniture,South,1,1372,1372
10924,2024-05-25,2364,Male,37,Clothing,North,2,1088,2176
10925,2024-04-20,2674,Male,23,Groceries,West,5,3538,17690
10926,2024-08-15,2325,Male,44,Groceries,West,4,4717,18868
10927,2024-04-20,2466,Female,19,Electronics,North,5,1841,9205
10928,2024-02-03,2413,Male,46,Furniture,South,3,671,2013
10929,2024-04-20,2454,Female,55,Groceries,South,1,3140,3140
10930,2024-09-20,2585,Male,20,Groceries,North,3,746,2238
10931,2024-08-23,2232,Female,33,Groceries,East,4,4926,19704
10932,2024-03-23,2223,Female,47,Groceries,West,3,3797,11391
10933,2024-02-11,2993,Female,57,Clothing,East,5,3025,15125
10934,2024-04-10,2830,Female,19,Furniture,South,3,3923,11769
10935,2024-01-06,2411,Female,34,Electronics,South,4,563,2252
10936,2024-06-28,2571,Female,58,Electronics,East,4,2366,9464
10937,2024-10-08,2334,Male,29,Clothing,North,4,3509,14036
10938,2024-11-15,2221,Female,52,Furniture,East,5,745,3725
10939,2024-08-13,2036,Male,60,Groceries,East,4,3440,13760
10940,2024-11-10,2988,Male,18,Clothing,West,1,4929,4929
10941,2024-12-30,2277,Female,62,Furniture,West,4,2136,8544
10942,2024-08-16,2195,Male,32,Groceries,East,3,1162,3486
10943,2024-10-15,2915,Female,43,Clothing,East,3,3205,9615
10944,2024-05-29,2863,Male,54,Furniture,South,3,4006,12018
10945,2024-10-03,2483,Female,38,Electronics,West,5,1082,5410
10946,2024-07-16,2241,Male,48,Electronics,West,3,4040,12120
10947,2024-03-10,2323,Female,42,Furniture,South,5,1070,5350
10948,2024-04-21,2730,Female,40,Electronics,North,5,4811,24055
10949,2024-01-04,2191,Female,41,Furniture,West,4,3185,12740
10950,2024-12-15,2016,Female,55,Groceries,West,1,1065,1065
10951,2024-11-26,2523,Male,45,Furniture,North,4,4509,18036
10952,2024-11-13,2917,Female,38,Groceries,West,4,3403,13612
10953,2024-12-15,2400,Male,60,Clothing,West,5,3097,15485
10954,2024-04-04,2905,Male,35,Furniture,North,5,2444,12220
10955,2024-05-31,2885,Male,53,Clothing,North,3,218,654
10956,2024-11-06,2704,Female,52,Electronics,East,3,841,2523
10957,2024-05-16,2021,Male,62,Groceries,South,4,3283,13132
10958,2024-09-03,2473,Male,26,Furniture,South,2,529,1058
10959,2024-08-30,2119,Male,55,Clothing,North,2,1065,2130
10960,2024-01-31,2209,Female,47,Groceries,North,3,973,2919
10961,2024-02-09,2305,Female,61,Groceries,West,2,4687,9374
10962,2024-08-16,2269,Male,51,Electronics,East,3,4932,14796
10963,2024-02-05,2703,Female,49,Electronics,East,5,2554,12770
10964,2024-08-10,2686,Female,20,Groceries,North,4,3538,14152
10965,2024-01-06,2284,Male,20,Groceries,West,1,3718,3718
10966,2024-11-17,2715,Male,45,Furniture,West,4,3142,12568
10967,2024-08-07,2675,Female,61,Groceries,South,3,2767,8301
10968,2024-03-15,2762,Male,32,Furniture,South,3,1874,5622
10969,2024-01-04,2226,Female,58,Groceries,West,4,2883,11532
10970,2024-11-30,2947,Female,40,Electronics,South,3,3580,10740
10971,2024-05-13,2380,Female,57,Furniture,North,2,939,1878
10972,2024-04-27,2459,Female,28,Clothing,West,2,1745,3490
10973,2024-04-03,2006,Female,49,Electronics,South,3,4764,14292
10974,2024-03-02,2028,Female,53,Furniture,East,3,2459,7377
10975,2024-07-12,2906,Male,50,Furniture,West,2,1335,2670
10976,2024-11-30,2032,Male,41,Clothing,West,3,1073,3219
10977,2024-07-21,2645,Female,56,Furniture,East,3,4755,14265
10978,2024-01-26,2878,Female,51,Groceries,North,4,2500,10000
10979,2024-06-21,2078,Female,45,Clothing,East,1,951,951
10980,2024-10-26,2927,Male,54,Electronics,West,2,1053,2106
10981,2024-05-12,2946,Female,24,Electronics,North,4,3932,15728
10982,2024-11-21,2458,Male,21,Groceries,South,1,2483,2483
10983,2024-04-27,2569,Female,54,Electronics,South,3,1529,4587
10984,2024-11-19,2982,Female,18,Furniture,South,3,677,2031
10985,2024-10-01,2537,Male,18,Furniture,West,4,2926,11704
10986,2024-07-30,2481,Male,64,Groceries,East,3,3291,9873
10987,2024-08-12,2429,Female,37,Electronics,North,5,4430,22150
10988,2024-01-20,2737,Female,36,Electronics,South,4,4705,18820
10989,2024-04-22,2284,Female,46,Groceries,North,1,1469,1469
10990,2024-05-19,2515,Male,27,Clothing,West,4,4381,17524
10991,2024-02-16,2976,Male,35,Electronics,South,2,2803,5606
10992,2024-01-01,2098,Male,45,Clothing,West,4,1669,6676
10993,2024-03-30,2396,Male,52,Electronics,East,3,577,1731
10994,2024-05-21,2488,Male,60,Electronics,West,3,1880,5640
10995,2024-11-15,2038,Male,64,Electronics,West,5,441,2205
10996,2024-02-07,2270,Female,48,Electronics,East,5,1119,5595
10997,2024-10-19,2886,Female,44,Furniture,North,5,269,1345
10998,2024-05-18,2796,Male,28,Clothing,East,1,4124,4124
10999,2024-12-21,2156,Female,55,Clothing,East,5,2286,11430
11000,2024-11-28,2074,Female,22,Electronics,West,1,2207,2207
